{"cameraMode":{"drawMode":0,"name":"Shaded","section":"Shading Mode"},"sceneLighting":true,"audioPlay":false,"sceneViewState":{"m_AlwaysRefresh":false,"showFog":true,"showSkybox":true,"showFlares":true,"showImageEffects":true,"showParticleSystems":true,"showVisualEffectGraphs":true,"m_FxEnabled":true},"in2DMode":false,"pivot":{"x":0.47945094108581545,"y":2.75826358795166,"z":0.5916519165039063},"rotation":{"x":-0.10785868018865586,"y":0.06615744531154633,"z":-0.007193581201136112,"w":-0.9919403195381165},"size":3.5580413341522219,"orthographic":false}